Código IBGE;Cidade;UF;Estado;Área Territorial - km2;População em 2021;População Urbana - Habitantes;População Rural - Habitantes;Sigla do Prestador de Serviço de Abastecimento de Água;Índice da População Total Atendida com Abastecimento de Água (%);População Total Atendida com Abastecimento de Água (habitantes);População Total Atendida com Esgotamento Sanitário (habitantes);Índice da População Total Atendida com Esgotamento Sanitário (%)
3500105;Adamantina;SP;São Paulo;411,99;34.687;33.230;1.923;SABESP;100;34.687;34.650;99,89
3500204;Adolfo;SP;São Paulo;211,06;4.351;3.189;356;SABESP;76,14;3.313;3.309;76,05
3500303;Aguaí;SP;São Paulo;474,55;32.072;33.361;3.620;SABESP;99,41;31.884;31.295;97,58
3500402;Águas da Prata;SP;São Paulo;142,67;7.369;7.376;886;SABESP;100;7.369;7.222;98,01
3500501;Águas de Lindóia;SP;São Paulo;60,13;17.930;18.738;170;SAAE;100;17.930;17.820;99,39
3500550;Águas de Santa Bárbara;SP;São Paulo;404,46;7.177;4.670;1.472;SABESP;72,2;5.182;3.589;50,01
3500600;Águas de São Pedro;SP;São Paulo;3,61;2.780;3.588;;SABESP;100;2.780;2.780;100
3500709;Agudos;SP;São Paulo;966,71;37.680;35.915;1.667;SABESP;92,59;34.888;34.558;91,71
3500758;Alambari;SP;São Paulo;159,6;6.141;4.685;1.546;SABESP;72,33;4.442;2.747;44,73
3500808;Alfredo Marcondes;SP;São Paulo;118,92;4.445;3.514;687;SABESP;82,99;3.689;3.339;75,12
3500907;Altair;SP;São Paulo;313,01;3.451;3.336;875;SABESP;82,61;2.851;2.810;81,43
3501004;Altinópolis;SP;São Paulo;928,96;16.818;14.172;2.049;PMA;87,51;14.718;14.718;87,51
3501103;Alto Alegre;SP;São Paulo;318,57;3.841;3.215;863;SABESP;76;2.919;2.875;74,85
3501152;Alumínio;SP;São Paulo;83,66;17.301;15.854;3.049;SABESP;74,89;12.957;9.814;56,73
3501202;Álvares Florence;SP;São Paulo;362,41;3.915;2.457;1.159;DASB;67,36;2.637;2.637;67,36
3501301;Álvares Machado;SP;São Paulo;347,65;27.255;22.593;2.485;SABESP;85,76;23.373;22.738;83,43
3501400;Álvaro de Carvalho;SP;São Paulo;153,66;4.808;3.377;1.943;SABESP;71,13;3.420;4.424;92,01
3501509;Alvinlândia;SP;São Paulo;84,88;2.885;2.918;333;SABESP;95,81;2.764;2.722;94,35
3501608;Americana;SP;São Paulo;133,91;237.240;243.228;1.142;DAE;100;237.247;237.247;100
3501707;Américo Brasiliense;SP;São Paulo;122,79;33.019;41.231;314;PMAB;100;33.019;33.019;100
3501806;Américo de Campos;SP;São Paulo;252,88;5.870;5.029;964;PMAC;87,53;5.138;5.138;87,53
3501905;Amparo;SP;São Paulo;445,32;68.008;57.569;15.576;SAAE;78,7;53.523;50.842;74,76
3502002;Analândia;SP;São Paulo;325,95;4.589;4.061;1.054;PMA;79,17;3.633;3.633;79,17
3502101;Andradina;SP;São Paulo;964,23;59.783;53.433;3.812;AA;92,84;55.504;54.943;91,9
3502200;Angatuba;SP;São Paulo;1.027,29;24.022;18.477;7.247;SABESP;76,19;18.302;14.251;59,32
3502309;Anhembi;SP;São Paulo;736,56;5.674;5.221;1.690;SABESP;65,42;3.712;3.478;61,3
3502408;Anhumas;SP;São Paulo;320,84;4.023;3.414;758;SABESP;84,29;3.391;3.308;82,23
3502507;Aparecida;SP;São Paulo;121,08;32.569;35.684;527;SAAE;99,63;32.448;28.230;86,68
3502606;Aparecida d'Oeste;SP;São Paulo;179;4.086;3.376;746;SABESP;83,16;3.398;3.274;80,13
3502705;Apiaí;SP;São Paulo;974,32;24.585;17.415;6.666;SABESP;66,5;16.349;12.114;49,27
3502754;Araçariguama;SP;São Paulo;145,2;21.522;23.343;;SABESP;71,52;15.393;10.654;49,5
3502804;Araçatuba;SP;São Paulo;1.167,13;200.124;195.368;3.842;SAMAR;98,07;196.264;193.517;96,7
3502903;Araçoiaba da Serra;SP;São Paulo;255,33;32.443;24.325;11.064;CAA;100;32.443;13.959;43,03
3503000;Aramina;SP;São Paulo;202,83;5.420;5.318;371;PMA;99,98;5.419;5.419;99,98
3503109;Arandu;SP;São Paulo;285,91;6.885;4.802;1.571;SABESP;57,17;3.936;3.915;56,86
3503158;Arapeí;SP;São Paulo;156,9;2.330;1.844;608;SABESP;78,07;1.819;1.481;63,56
3503208;Araraquara;SP;São Paulo;1.003,63;242.228;233.704;6.838;DAAE;96,98;234.923;235.627;97,27
3503307;Araras;SP;São Paulo;644,83;130.866;129.376;7.363;SAEMA;98,23;128.553;128.553;98,23
3503356;Arco-Íris;SP;São Paulo;264,9;2.044;1.000;755;SABESP;50,05;1.023;1.014;49,61
3503406;Arealva;SP;São Paulo;504,97;8.130;6.825;1.840;SABESP;64,48;5.242;4.734;58,23
3503505;Areias;SP;São Paulo;305,23;3.577;2.619;1.287;PMA;61,5;2.200;2.200;61,5
3503604;Areiópolis;SP;São Paulo;85,91;10.130;9.940;1.246;SABESP;92,94;9.415;9.377;92,57
3503703;Ariranha;SP;São Paulo;132,62;7.602;9.329;522;PMA;95,37;7.250;7.250;95,37
3503802;Artur Nogueira;SP;São Paulo;178,03;51.456;50.926;5.321;SAEAN;100;51.456;46.239;89,86
3503901;Arujá;SP;São Paulo;96,17;86.678;88.764;3.689;SABESP;97,36;84.391;64.552;74,47
3503950;Aspásia;SP;São Paulo;69,37;1.842;1.261;554;SABESP;78,28;1.442;1.445;78,45
3504008;Assis;SP;São Paulo;460,61;101.409;101.151;4.617;SABESP;99,3;100.703;100.525;99,13
3504107;Atibaia;SP;São Paulo;478,52;158.647;132.317;13.061;SAAE;82,06;130.180;89.154;56,2
3504206;Auriflama;SP;São Paulo;434,5;13.692;13.964;1.352;SABESP;95,06;13.016;12.672;92,55
3504305;Avaí;SP;São Paulo;540,69;4.483;3.671;1.796;SABESP;60,65;2.719;2.610;58,22
3504404;Avanhandava;SP;São Paulo;338,37;11.263;11.891;2.172;DAAEA;99,95;11.257;11.257;99,95
3504503;Avaré;SP;São Paulo;1.213,06;92.805;87.871;3.921;SABESP;88,55;82.178;79.412;85,57
3504602;Bady Bassitt;SP;São Paulo;110,37;27.260;16.849;1.164;PMBB;92,61;25.246;25.246;92,61
3504701;Balbinos;SP;São Paulo;91,64;3.887;1.971;4.156;SABESP;39,95;1.553;1.536;39,52
3504800;Bálsamo;SP;São Paulo;149,88;9.596;8.435;774;PMB;100;9.596;9.596;100
3504909;Bananal;SP;São Paulo;616,43;9.969;8.808;2.231;SABESP;74,49;7.426;7.187;72,09
3505005;Barão de Antonina;SP;São Paulo;153,14;3.531;2.164;1.361;SABESP;60,66;2.142;1.746;49,45
3505104;Barbosa;SP;São Paulo;205,21;5.640;6.369;1.163;PMB;81,97;4.623;4.623;81,97
3505203;Bariri;SP;São Paulo;444,41;31.595;34.008;1.836;SAEMBA;99,97;31.584;31.584;99,97
3505302;Barra Bonita;SP;São Paulo;150,12;34.346;35.368;757;SAAE;100;34.346;34.346;100
3505351;Barra do Chapéu;SP;São Paulo;405,68;5.179;1.706;4.088;SABESP;41,75;2.162;1.644;31,74
3505401;Barra do Turvo;SP;São Paulo;1.007,68;6.876;3.123;4.483;SABESP;35,76;2.459;2.196;31,94
3505500;Barretos;SP;São Paulo;1.566,16;122.485;119.782;3.764;SAAEB;95,36;116.800;116.752;95,32
3505609;Barrinha;SP;São Paulo;146,03;32.092;33.165;372;PMB;98,89;31.736;31.736;98,89
3505708;Barueri;SP;São Paulo;65,7;316.473;279.704;;SABESP;100;316.473;300.424;94,93
3505807;Bastos;SP;São Paulo;170,91;21.503;18.045;2.907;SABESP;83,97;18.056;18.012;83,77
3505906;Batatais;SP;São Paulo;849,53;58.402;56.102;7.336;PMB;89,86;52.480;52.332;89,61
3506003;Bauru;SP;São Paulo;667,68;379.146;375.321;6.385;DAE;100;379.146;379.146;100
3506102;Bebedouro;SP;São Paulo;683,19;76.373;73.959;3.653;SAAEB;100;76.373;76.373;100
3506201;Bento de Abreu;SP;São Paulo;301,69;2.606;2.768;260;SABESP;96,66;2.519;2.503;96,05
3506300;Bernardino de Campos;SP;São Paulo;244,16;11.607;10.010;1.158;SABESP;86,62;10.054;9.984;86,02
3506359;Bertioga;SP;São Paulo;491,55;64.188;65.074;1.080;SABESP;82,52;52.965;40.653;63,33
3506409;Bilac;SP;São Paulo;158,03;7.319;7.538;659;PMB;91,84;6.722;6.722;91,84
3506508;Birigui;SP;São Paulo;530,03;118.979;122.335;3.759;PMB;100;118.979;107.248;90,14
3506607;Biritiba-Mirim;SP;São Paulo;317,41;29.683;28.550;4.715;SABESP;53,84;15.982;14.556;49,04
3506706;Boa Esperança do Sul;SP;São Paulo;690,75;12.978;13.493;1.618;PMBES;77,05;10.000;10.000;77,05
3506805;Bocaina;SP;São Paulo;363,93;11.259;11.584;987;SABESP;95,51;10.753;10.407;92,43
3506904;Bofete;SP;São Paulo;653,54;10.460;7.719;4.388;SABESP;49,5;5.178;4.615;44,12
3507001;Boituva;SP;São Paulo;248,95;61.081;59.554;3.756;SABESP;84,38;51.541;44.839;73,41
3507100;Bom Jesus dos Perdões;SP;São Paulo;108,37;22.006;23.370;3.136;PMBJP;98,6;21.697;21.375;97,13
3507159;Bom Sucesso de Itararé;SP;São Paulo;133,58;3.555;2.731;1.282;SABESP;63,35;2.252;2.143;60,28
3507209;Borá;SP;São Paulo;118,95;907;653;186;SABESP;80,6;731;729;80,37
3507308;Boracéia;SP;São Paulo;122,11;4.715;4.405;508;SABESP;91,22;4.301;4.296;91,11
3507407;Borborema;SP;São Paulo;552,26;14.226;14.671;1.607;PMB;93,95;13.366;13.000;91,38
3507456;Borebi;SP;São Paulo;347,99;2.713;2.366;347;PMB;100;2.713;2.374;87,5
3507506;Botucatu;SP;São Paulo;1.482,64;145.155;144.250;5.468;SABESP;97,55;141.598;134.273;92,5
3507605;Bragança Paulista;SP;São Paulo;512,58;176.811;167.074;5.272;SABESP;86,04;152.127;140.695;79,57
3507704;Braúna;SP;São Paulo;195,18;5.356;5.067;728;SASB;88,97;4.765;4.685;87,47
3507753;Brejo Alegre;SP;São Paulo;105,69;2.565;2.387;524;SABESP;85,89;2.203;1.833;71,46
3507803;Brodowski;SP;São Paulo;278,46;25.201;24.986;619;SAAEB;100;25.201;25.201;100
3507902;Brotas;SP;São Paulo;1.101,37;23.898;21.428;3.434;SAAEB;99,38;23.751;23.751;99,38
3508009;Buri;SP;São Paulo;1.195,91;20.250;16.193;3.857;SABESP;85,34;17.282;15.689;77,48
3508108;Buritama;SP;São Paulo;326,92;17.210;16.407;1.007;SAAEMB;99,62;17.144;17.144;99,62
3508207;Buritizal;SP;São Paulo;266,42;4.356;3.709;838;SABESP;80,12;3.490;3.473;79,73
3508306;Cabrália Paulista;SP;São Paulo;239,97;4.299;3.653;569;ACP;98,37;4.229;4.229;98,37
3508405;Cabreúva;SP;São Paulo;260,23;47.011;43.335;7.795;SABESP;75,9;35.683;32.436;69
3508504;Caçapava;SP;São Paulo;368,99;96.202;81.929;13.823;SABESP;90,93;87.475;78.676;81,78
3508603;Cachoeira Paulista;SP;São Paulo;287,99;31.564;27.623;6.204;SABESP;81,19;25.627;24.432;77,4
3508702;Caconde;SP;São Paulo;468,21;17.101;12.975;6.056;PMC;77,32;13.223;13.223;77,32
3508801;Cafelândia;SP;São Paulo;920,28;16.654;15.564;2.353;PMC;93,46;15.564;15.564;93,46
3508900;Caiabu;SP;São Paulo;253,35;3.712;3.415;780;SABESP;85,32;3.167;2.832;76,29
3509007;Caieiras;SP;São Paulo;97,64;95.032;101.467;2.577;SABESP;94,24;89.558;81.611;85,88
3509106;Caiuá;SP;São Paulo;551,16;5.466;2.305;3.712;PMC;73,18;4.000;1.367;25,01
3509205;Cajamar;SP;São Paulo;131,39;92.689;77.443;1.591;SABESP;89,45;82.907;74.678;80,57
3509254;Cajati;SP;São Paulo;454,44;28.515;20.770;7.671;SABESP;74,65;21.287;18.849;66,1
3509304;Cajobi;SP;São Paulo;176,93;9.133;9.957;692;SEMAE;94,7;8.649;8.649;94,7
3509403;Cajuru;SP;São Paulo;660,09;23.830;23.680;2.933;SABESP;83,83;19.976;19.198;80,56
3509452;Campina do Monte Alegre;SP;São Paulo;185,03;5.954;5.151;937;SABESP;80,75;4.808;4.061;68,21
3509502;Campinas;SP;São Paulo;794,57;1.139.047;1.202.203;21.034;SANASA;99,69;1.135.483;1.092.239;95,89
3509601;Campo Limpo Paulista;SP;São Paulo;79,4;77.632;86.407;;SABESP;79,56;61.764;52.613;67,77
3509700;Campos do Jordão;SP;São Paulo;290,52;46.974;52.384;329;SABESP;65,91;30.959;27.164;57,83
3509809;Campos Novos Paulista;SP;São Paulo;484,2;4.888;3.908;1.120;PMCNP;98,94;4.836;4.836;98,94
3509908;Cananéia;SP;São Paulo;1.237,35;12.289;10.706;1.836;SABESP;76,34;9.381;8.702;70,81
3509957;Canas;SP;São Paulo;53,26;4.931;4.890;378;SABESP;94,3;4.650;4.181;84,79
3510005;Cândido Mota;SP;São Paulo;595,81;29.449;29.531;1.879;SAAE;100;29.449;29.449;100
3510104;Cândido Rodrigues;SP;São Paulo;70,89;2.889;2.264;541;SABESP;87,5;2.528;2.478;85,77
3510153;Canitar;SP;São Paulo;57,46;6.283;5.081;284;PMC;91,21;5.731;5.731;91,21
3510203;Capão Bonito;SP;São Paulo;1.640,23;46.337;38.578;8.520;SABESP;80,03;37.085;32.712;70,6
3510302;Capela do Alto;SP;São Paulo;169,89;22.866;17.607;3.650;SABESP;77,69;17.765;14.160;61,93
3510401;Capivari;SP;São Paulo;322,88;50.068;53.839;3.134;SAAE;100;50.068;50.068;100
3510500;Caraguatatuba;SP;São Paulo;484,95;134.873;120.021;5.173;SABESP;86,23;116.298;105.278;78,06
3510609;Carapicuíba;SP;São Paulo;34,55;386.984;405.375;;SABESP;100;386.984;347.881;89,9
3510708;Cardoso;SP;São Paulo;639,25;11.345;11.244;1.127;SABESP;93,93;10.656;10.189;89,81
3510807;Casa Branca;SP;São Paulo;864,23;28.083;25.075;5.580;ACB;99,71;28.002;27.988;99,66
3510906;Cássia dos Coqueiros;SP;São Paulo;191,68;2.799;1.696;792;SABESP;57,02;1.596;1.558;55,66
3511003;Castilho;SP;São Paulo;1.065,32;19.977;16.241;5.280;EAC;75,18;15.019;14.315;71,66
3511102;Catanduva;SP;São Paulo;290,6;115.791;122.125;989;SAEC;96,73;112.000;112.000;96,73
3511201;Catiguá;SP;São Paulo;148,39;7.003;7.286;619;SABESP;98,02;6.864;6.862;97,99
3511300;Cedral;SP;São Paulo;197,84;12.618;7.478;1.974;PMC;74,75;9.432;9.432;74,75
3511409;Cerqueira César;SP;São Paulo;511,62;21.469;18.279;2.112;DAE;94,05;20.191;19.000;88,5
3511508;Cerquilho;SP;São Paulo;127,8;44.695;48.011;2.620;SAAEC;98,5;44.024;44.024;98,5
3511607;Cesário Lange;SP;São Paulo;190,39;19.048;12.555;6.040;SABESP;77,29;14.723;11.697;61,41
3511706;Charqueada;SP;São Paulo;175,85;15.535;15.912;1.627;SABESP;98,4;15.287;12.175;78,37
3557204;Chavantes;SP;São Paulo;188,73;12.211;11.419;999;SAEC;93,71;11.443;11.002;90,1
3511904;Clementina;SP;São Paulo;168,59;6.982;8.477;417;PMC;95,63;6.677;6.677;95,63
3512001;Colina;SP;São Paulo;422,3;18.486;17.372;1.229;SAEC;90,33;16.699;16.699;90,33
3512100;Colômbia;SP;São Paulo;728,65;6.629;4.498;1.725;SABESP;83,2;5.515;5.373;81,05
3512209;Conchal;SP;São Paulo;182,79;28.101;26.921;1.570;PMC;94,84;26.650;28.100;100
3512308;Conchas;SP;São Paulo;466,12;15.232;14.696;3.442;SABESP;74,35;11.325;9.742;63,96
3512407;Cordeirópolis;SP;São Paulo;137,58;24.514;22.559;2.557;SAAE;97,41;23.879;24.514;100
3512506;Coroados;SP;São Paulo;246,83;5.400;5.019;1.178;SABESP;84,56;4.566;4.456;82,52
3512605;Coronel Macedo;SP;São Paulo;303,83;4.280;3.548;1.043;SABESP;79,88;3.419;3.137;73,29
3512704;Corumbataí;SP;São Paulo;278,62;4.195;2.200;1.872;PMC;69,27;2.906;2.521;60,1
3512803;Cosmópolis;SP;São Paulo;154,67;59.773;69.340;5.322;DAE;92,01;55.000;55.000;92,01
3512902;Cosmorama;SP;São Paulo;441,68;8.719;4.996;2.293;PMC;100;8.719;8.719;100
3513009;Cotia;SP;São Paulo;323,99;274.413;257.882;;SABESP;93,17;255.672;158.489;57,76
3513108;Cravinhos;SP;São Paulo;311,42;33.281;34.965;893;SAAE;99,91;33.252;33.252;99,91
3513207;Cristais Paulista;SP;São Paulo;385,23;9.272;6.413;2.390;PMCP;73,66;6.830;6.830;73,66
3513306;Cruzália;SP;São Paulo;149,33;2.108;1.342;679;SABESP;79,46;1.675;1.647;78,13
3513405;Cruzeiro;SP;São Paulo;305,7;74.961;80.783;2.112;SAAE;100;74.961;73.666;98,27
3513504;Cubatão;SP;São Paulo;142,88;112.476;132.521;;SABESP;85,89;96.608;66.128;58,79
3513603;Cunha;SP;São Paulo;1.407,25;22.110;11.893;9.480;PMC;55,68;12.311;6.234;28,2
3513702;Descalvado;SP;São Paulo;753,71;31.756;30.426;3.671;SEMARH;97,21;30.871;30.871;97,21
3513801;Diadema;SP;São Paulo;30,73;393.237;429.550;;SABESP;100;393.237;383.367;97,49
3513850;Dirce Reis;SP;São Paulo;88,13;1.620;1.367;438;SABESP;80;1.296;1.253;77,35
3513900;Divinolândia;SP;São Paulo;223,75;11.158;7.379;3.648;SABESP;60,75;6.778;6.299;56,45
3514007;Dobrada;SP;São Paulo;149,73;8.759;8.885;203;PMD;97,84;8.570;8.570;97,84
3514106;Dois Córregos;SP;São Paulo;632,97;24.510;26.233;1.471;SAAEDOCO;98,61;24.170;24.170;98,61
3514205;Dolcinópolis;SP;São Paulo;77,94;2.207;1.960;148;SABESP;93,34;2.060;2.021;91,57
3514304;Dourado;SP;São Paulo;205,87;8.096;8.119;764;SABESP;94,44;7.646;7.504;92,69
3514403;Dracena;SP;São Paulo;487,69;45.474;43.667;3.620;EMDAEP;99,5;45.248;41.784;91,89
3514502;Duartina;SP;São Paulo;264,56;12.328;11.150;1.271;SABESP;80,93;9.977;9.910;80,39
3514601;Dumont;SP;São Paulo;111,38;9.471;9.813;361;PMD;100;9.471;9.471;100
3514700;Echaporã;SP;São Paulo;515,26;6.205;4.799;1.227;SABESP;84,56;5.247;5.101;82,21
3514809;Eldorado;SP;São Paulo;1.654,26;13.069;7.673;7.919;SABESP;47,52;6.211;6.110;46,75
3514908;Elias Fausto;SP;São Paulo;202,36;17.699;14.405;3.690;SABESP;75,43;13.351;13.095;73,99
3514924;Elisiário;SP;São Paulo;93,98;3.138;3.428;314;PME;100;3.138;3.138;100
3514957;Embaúba;SP;São Paulo;83,13;2.323;2.080;366;PME;100;2.323;2.323;100
3515004;Embu das Artes;SP;São Paulo;70,4;250.691;279.264;;SABESP;100;250.691;212.538;84,78
3515103;Embu-Guaçu;SP;São Paulo;155,64;66.970;68.524;1.878;SABESP;71,16;47.653;26.344;39,34
3515129;Emilianópolis;SP;São Paulo;225,17;3.014;2.677;561;SABESP;76,05;2.292;2.290;75,98
3515152;Engenheiro Coelho;SP;São Paulo;109,94;19.566;15.880;5.832;SAEEC;100;19.566;19.566;100
3515186;Espírito Santo do Pinhal;SP;São Paulo;389,24;39.816;39.645;4.962;SABESP;88,65;35.297;34.876;87,59
3515194;Espírito Santo do Turvo;SP;São Paulo;193,67;4.157;4.213;713;SABESP;85,25;3.544;3.544;85,25
3557303;Estiva Gerbi;SP;São Paulo;74,14;11.295;9.178;2.329;AEG;100;11.295;10.044;88,92
3515301;Estrela do Norte;SP;São Paulo;264,99;2.703;2.191;583;SABESP;77,73;2.101;2.071;76,62
3515202;Estrela d'Oeste;SP;São Paulo;296,28;9.417;7.007;1.413;SABESP;82,88;7.805;7.687;81,63
3515350;Euclides da Cunha Paulista;SP;São Paulo;573,89;7.924;5.917;3.363;SABESP;72,96;5.781;4.966;62,67
3515400;Fartura;SP;São Paulo;429,17;16.641;12.863;3.239;SABESP;71,75;11.940;11.788;70,84
3515608;Fernando Prestes;SP;São Paulo;169,99;5.942;4.928;877;SABESP;89,55;5.321;5.253;88,4
3515509;Fernandópolis;SP;São Paulo;549,8;71.186;67.545;2.135;SABESP;96,61;68.770;68.304;95,95
3515657;Fernão;SP;São Paulo;100,5;1.656;946;793;SABESP;54,77;907;891;53,8
3515707;Ferraz de Vasconcelos;SP;São Paulo;29,56;179.198;189.747;8.914;SABESP;96,97;173.771;161.907;90,35
3515806;Flora Rica;SP;São Paulo;224,71;1.487;1.131;266;SABESP;82,25;1.223;1.209;81,3
3515905;Floreal;SP;São Paulo;204,24;2.733;2.342;542;SABESP;77,46;2.117;2.101;76,88
3516002;Flórida Paulista;SP;São Paulo;524,14;12.958;11.784;3.152;SABESP;93,73;12.146;11.932;92,08
3516101;Florínia;SP;São Paulo;225,89;3.851;2.336;295;SABESP;76,14;2.932;2.863;74,34
3516200;Franca;SP;São Paulo;605,68;352.536;352.245;6.294;SABESP;96,95;341.801;339.403;96,27
3516309;Francisco Morato;SP;São Paulo;49;165.139;179.007;365;SABESP;90,41;149.304;114.871;69,56
3516408;Franco da Rocha;SP;São Paulo;132,78;144.849;145.966;12.472;SABESP;92,48;133.955;118.012;81,47
3516507;Gabriel Monteiro;SP;São Paulo;138,68;2.763;2.314;462;SABESP;83,64;2.311;2.281;82,56
3516606;Gália;SP;São Paulo;355,91;6.380;4.784;1.635;SABESP;74,59;4.759;4.671;73,21
3516705;Garça;SP;São Paulo;555,81;42.110;40.386;4.043;SAAE;89,36;37.629;37.629;89,36
3516804;Gastão Vidigal;SP;São Paulo;180,57;3.252;4.399;512;SABESP;83,98;2.731;2.701;83,06
3516853;Gavião Peixoto;SP;São Paulo;243,77;4.702;3.916;925;PMGP;99,7;4.688;3.793;80,67
3516903;General Salgado;SP;São Paulo;494,38;10.312;9.242;1.613;SABESP;92,47;9.536;9.024;87,51
3517000;Getulina;SP;São Paulo;676,76;10.232;8.891;2.594;PMG;75,74;7.750;7.559;73,88
3517109;Glicério;SP;São Paulo;272,8;4.138;3.566;1.276;SABESP;58,05;2.402;2.357;56,96
3517208;Guaiçara;SP;São Paulo;277,15;11.239;11.280;1.136;PMG;100;11.239;11.239;100
3517307;Guaimbê;SP;São Paulo;217,81;5.512;5.073;733;PMG;96,88;5.340;5.340;96,88
3517406;Guaíra;SP;São Paulo;1.258,47;39.279;39.799;1.484;DEAGUA;100;39.279;39.279;100
3517505;Guapiaçu;SP;São Paulo;325,13;21.711;19.536;2.551;PMG;99,78;21.664;21.664;99,78
3517604;Guapiara;SP;São Paulo;408,29;17.071;6.790;10.106;SABESP;57,93;9.889;5.961;34,92
3517703;Guará;SP;São Paulo;362,18;18.606;20.710;684;GUARA;84,82;15.782;15.782;84,82
3517802;Guaraçaí;SP;São Paulo;569,2;7.441;6.514;1.744;SAG;77,85;5.793;5.793;77,85
3517901;Guaraci;SP;São Paulo;641,5;10.350;10.185;1.197;PMG;99,97;10.347;10.347;99,97
3518008;Guarani d'Oeste;SP;São Paulo;85,7;1.968;1.758;238;SABESP;88,16;1.735;1.673;85,01
3518107;Guarantã;SP;São Paulo;461,75;6.427;5.702;983;PMG;100;6.427;6.427;100
3518206;Guararapes;SP;São Paulo;955,64;31.043;30.780;2.477;PMG;99,92;31.017;28.707;92,47
3518305;Guararema;SP;São Paulo;270,82;31.236;26.217;4.248;SABESP;65,62;20.497;15.755;50,44
3518404;Guaratinguetá;SP;São Paulo;752,64;118.044;117.355;5.837;SAEG;98,69;116.496;108.317;91,76
3518503;Guareí;SP;São Paulo;567,88;15.013;11.116;8.128;SABESP;79,96;12.004;7.017;46,74
3518602;Guariba;SP;São Paulo;270,29;37.498;40.007;850;SABESP;99,33;37.246;37.498;100
3518701;Guarujá;SP;São Paulo;144,79;287.634;324.914;63;SABESP;88,18;253.634;207.420;72,11
3518800;Guarulhos;SP;São Paulo;318,68;1.291.771;1.404.694;;SABESP;99,14;1.280.655;1.176.352;91,07
3518859;Guatapará;SP;São Paulo;413,57;7.320;5.699;2.061;PMG;100;7.320;5.460;74,59
3518909;Guzolândia;SP;São Paulo;252,48;4.246;4.522;824;SABESP;93,36;3.964;3.876;91,29
3519006;Herculândia;SP;São Paulo;364,25;9.125;8.789;860;PMH;90,93;8.297;8.290;90,85
3519055;Holambra;SP;São Paulo;65,58;15.094;11.303;4.302;AH;100;15.094;15.094;100
3519071;Hortolândia;SP;São Paulo;62,42;236.641;237.570;;SABESP;93,15;220.435;217.067;91,73
3519105;Iacanga;SP;São Paulo;547,39;10.437;10.459;1.543;PMI;84,36;8.805;7.924;75,92
3519204;Iacri;SP;São Paulo;321,95;6.131;4.932;1.337;SABESP;80,95;4.963;4.874;79,5
3519253;Iaras;SP;São Paulo;401,38;8.010;4.354;5.432;SABESP;63,4;5.078;4.993;62,33
3519303;Ibaté;SP;São Paulo;290,98;32.178;34.401;1.429;DAE;95,68;30.789;30.789;95,68
3519402;Ibirá;SP;São Paulo;271,91;11.690;11.652;987;SABESP;94,42;11.038;10.890;93,16
3519501;Ibirarema;SP;São Paulo;228,23;6.385;7.321;605;SAAEI;91,45;5.839;5.839;91,45
3519600;Ibitinga;SP;São Paulo;689,39;60.033;58.733;2.417;SAAE;92,14;55.315;56.730;94,5
3519709;Ibiúna;SP;São Paulo;1.058,08;75.605;28.030;52.032;SABESP;36,2;27.370;11.041;14,6
3519808;Icém;SP;São Paulo;362,36;7.819;7.177;1.186;SABESP;97,99;7.662;7.233;92,51
3519907;Iepê;SP;São Paulo;594,97;7.619;7.306;922;PMI;88,53;6.745;6.500;85,31
3520004;Igaraçu do Tietê;SP;São Paulo;97,75;23.106;24.679;142;SAEIT;98,43;22.743;22.743;98,43
3520103;Igarapava;SP;São Paulo;468,36;26.212;29.040;1.751;SABESP;95,26;24.969;24.970;95,26
3520202;Igaratá;SP;São Paulo;292,95;10.605;7.640;1.991;SABESP;48,43;5.136;2.616;24,67
3520301;Iguape;SP;São Paulo;1.978,80;29.115;26.635;4.482;SABESP;58,62;17.068;15.417;52,95
3520426;Ilha Comprida;SP;São Paulo;196,57;13.419;11.552;;SABESP;80,96;10.864;5.579;41,58
3520442;Ilha Solteira;SP;São Paulo;652,64;25.549;25.230;1.656;PMISA;100;25.549;23.975;93,84
3520400;Ilhabela;SP;São Paulo;346,39;34.934;35.945;249;SABESP;74,87;26.155;18.552;53,11
3520509;Indaiatuba;SP;São Paulo;311,55;255.748;258.069;2.621;SAAE;94,46;241.582;239.199;93,53
3520608;Indiana;SP;São Paulo;129,37;5.090;4.168;705;PMI;100;5.090;5.090;100
3520707;Indiaporã;SP;São Paulo;279,61;4.035;3.356;520;SABESP;75,32;3.039;2.947;73,04
3520806;Inúbia Paulista;SP;São Paulo;87,12;3.615;3.540;505;SABESP;90,54;3.273;3.238;89,57
3520905;Ipaussu;SP;São Paulo;209,55;13.712;13.972;1.193;PMI;97,18;13.326;13.326;97,18
3521002;Iperó;SP;São Paulo;170,29;36.459;23.924;14.847;SABESP;71,76;26.163;20.129;55,21
3521101;Ipeúna;SP;São Paulo;190,01;6.831;6.734;1.090;PMI;94,98;6.488;6.488;94,98
3521150;Ipiguá;SP;São Paulo;136,03;6.761;3.358;2.199;PMI;52,61;3.557;3.557;52,61
3521200;Iporanga;SP;São Paulo;1.152,06;4.046;2.335;1.845;SABESP;44,96;1.819;1.720;42,51
3521309;Ipuã;SP;São Paulo;466,46;14.454;16.098;696;SAAE;100;14.454;14.454;100
3521408;Iracemápolis;SP;São Paulo;115,12;21.967;24.467;515;PMI;99,09;21.767;21.000;95,6
3521507;Irapuã;SP;São Paulo;257,61;6.867;7.226;875;SABESP;86,09;5.912;5.877;85,58
3521606;Irapuru;SP;São Paulo;214,46;7.085;5.908;2.448;PMI;70,5;4.995;4.995;70,5
3521705;Itaberá;SP;São Paulo;1.100,25;17.983;11.831;5.574;SABESP;68,28;12.278;10.724;59,63
3521804;Itaí;SP;São Paulo;1.092,88;25.180;21.698;5.934;SABESP;65,19;16.416;16.233;64,47
3521903;Itajobi;SP;São Paulo;502,07;16.989;12.788;2.543;PMI;82,61;14.034;14.034;82,61
3522000;Itaju;SP;São Paulo;230,36;3.618;2.864;1.073;PMI;84,69;3.064;3.064;84,69
3522109;Itanhaém;SP;São Paulo;601,71;112.476;103.374;977;SABESP;90,38;101.651;58.477;51,99
3522158;Itaóca;SP;São Paulo;183,02;3.422;1.817;1.515;SABESP;60,46;2.069;950;27,76
3522208;Itapecerica da Serra;SP;São Paulo;150,74;158.522;178.086;1.488;SABESP;88,85;140.850;92.958;58,64
3522307;Itapetininga;SP;São Paulo;1.789,35;157.790;151.681;15.425;SABESP;92,1;145.317;138.026;87,47
3522406;Itapeva;SP;São Paulo;1.826,26;89.728;80.267;14.974;SABESP;86,13;77.281;68.150;75,95
3522505;Itapevi;SP;São Paulo;82,66;232.297;244.131;;SABESP;91,33;212.155;169.779;73,09
3522604;Itapira;SP;São Paulo;518,42;72.022;70.205;5.478;SAAE;97,8;70.438;70.438;97,8
3522653;Itapirapuã Paulista;SP;São Paulo;406,48;4.306;2.094;2.200;SABESP;50,3;2.166;1.897;44,05
3522703;Itápolis;SP;São Paulo;996,75;39.493;39.486;4.050;SAAEI;99,81;39.418;39.418;99,81
3522802;Itaporanga;SP;São Paulo;508;14.085;11.524;3.673;SABESP;75,44;10.626;8.902;63,2
3522901;Itapuí;SP;São Paulo;140,02;13.659;13.659;638;PMI;99,97;13.655;13.655;99,97
3523008;Itapura;SP;São Paulo;301,65;3.979;3.991;1.003;DEMAE;95,07;3.783;3.783;95,07
3523107;Itaquaquecetuba;SP;São Paulo;82,62;369.275;379.082;;SABESP;95,75;353.573;269.931;73,1
3523206;Itararé;SP;São Paulo;1.003,86;44.438;46.897;3.881;SABESP;92,19;40.968;38.029;85,58
3523305;Itariri;SP;São Paulo;273,67;15.528;11.337;6.417;SABESP;38,93;6.045;4.908;31,61
3523404;Itatiba;SP;São Paulo;322,28;121.590;104.900;19.354;SABESP;83,15;101.101;94.516;77,73
3523503;Itatinga;SP;São Paulo;979,82;19.070;19.228;1.911;SABESP;80,18;15.290;15.187;79,64
3523602;Itirapina;SP;São Paulo;564,6;16.148;16.784;1.826;PMI;90,24;14.572;16.076;99,55
3523701;Itirapuã;SP;São Paulo;161,12;5.779;5.490;1.097;SABESP;83,53;4.827;4.553;78,79
3523800;Itobi;SP;São Paulo;138,99;8.046;7.085;777;SABESP;78,56;6.321;6.202;77,08
3523909;Itu;SP;São Paulo;640,72;168.240;165.798;11.352;CIS;80,61;135.614;129.100;76,74
3524006;Itupeva;SP;São Paulo;200,82;70.616;55.863;8.467;SABESP;80,53;56.868;50.234;71,14
3524105;Ituverava;SP;São Paulo;704,66;37.571;39.785;2.474;SAAE;99,48;37.375;37.375;99,48
3524204;Jaborandi;SP;São Paulo;273,44;6.221;6.513;450;SABESP;90,31;5.618;5.654;90,89
3524303;Jaboticabal;SP;São Paulo;706,6;71.821;75.704;2.325;SAAEJ;100;71.821;71.821;100
3524402;Jacareí;SP;São Paulo;464,27;240.275;233.844;3.275;SAAE;99,36;238.739;236.956;98,62
3524501;Jaci;SP;São Paulo;145,13;7.613;6.305;1.017;PMJ;100;7.613;7.618;100
3524600;Jacupiranga;SP;São Paulo;704,19;16.097;9.752;8.159;SABESP;56,13;9.035;9.022;56,05
3524709;Jaguariúna;SP;São Paulo;141,39;59.347;58.193;1.728;PMJ;100;59.347;58.279;98,2
3524808;Jales;SP;São Paulo;368,57;48.776;46.384;2.907;SABESP;96,64;47.137;46.568;95,47
3524907;Jambeiro;SP;São Paulo;184,41;6.397;3.269;3.559;SABESP;54,48;3.485;2.444;38,21
3525003;Jandira;SP;São Paulo;17,45;118.045;127.734;;SABESP;100;118.045;107.041;90,68
3525102;Jardinópolis;SP;São Paulo;501,87;45.282;43.706;1.838;PMJ;100;45.282;45.282;100
3525201;Jarinu;SP;São Paulo;207,55;37.535;24.091;7.082;SABESP;58,69;22.029;11.245;29,96
3525300;Jaú;SP;São Paulo;687,1;133.497;148.665;4.798;CAJA;96,9;129.356;129.356;96,9
3525409;Jeriquara;SP;São Paulo;141,97;3.863;2.592;551;SABESP;88,07;3.402;3.366;87,13
3525508;Joanópolis;SP;São Paulo;374,29;12.815;13.453;;SABESP;67,26;8.619;8.108;63,27
3525607;João Ramalho;SP;São Paulo;415,45;4.371;3.908;669;PMJR;84,19;3.680;3.680;84,19
3525706;José Bonifácio;SP;São Paulo;860,2;36.633;34.163;3.544;SAE;95;34.801;33.336;91
3525805;Júlio Mesquita;SP;São Paulo;128,18;4.254;4.589;235;PMJM;100;4.254;4.254;100
3525854;Jumirim;SP;São Paulo;56,69;3.056;2.011;1.456;PMJ;99,87;3.052;3.052;99,87
3525904;Jundiaí;SP;São Paulo;431,21;443.221;408.569;18.366;DAE Jundiaí;99,63;441.565;437.843;98,79
3526001;Junqueirópolis;SP;São Paulo;582,57;20.448;17.251;3.727;PMJ;82,02;16.771;16.771;82,02
3526100;Juquiá;SP;São Paulo;812,8;17.154;11.749;6.878;SABESP;56,31;9.660;8.642;50,38
3526209;Juquitiba;SP;São Paulo;522,17;27.404;24.645;7.199;SABESP;38,95;10.675;4.159;15,18
3526308;Lagoinha;SP;São Paulo;255,47;5.083;3.165;1.717;SABESP;45,56;2.316;2.274;44,74
3526407;Laranjal Paulista;SP;São Paulo;384,27;26.261;26.011;3.036;SABESP;85,05;22.336;21.329;81,22
3526506;Lavínia;SP;São Paulo;537,68;9.689;6.141;6.440;PML;48,34;4.684;4.684;48,34
3526605;Lavrinhas;SP;São Paulo;167,07;7.171;6.757;604;SABESP;88,38;6.338;5.473;76,32
3526704;Leme;SP;São Paulo;402,87;98.161;103.100;2.173;SAECIL;97,29;95.503;95.503;97,29
3526803;Lençóis Paulista;SP;São Paulo;809,54;66.505;67.974;1.559;SAAE;98,78;65.696;65.696;98,78
3526902;Limeira;SP;São Paulo;580,71;291.869;301.509;9.274;BRKL;97,02;283.159;283.159;97,02
3527009;Lindóia;SP;São Paulo;48,76;7.014;8.201;;PML;99,71;6.994;6.994;99,71
3527108;Lins;SP;São Paulo;570,06;74.779;78.055;923;SABESP;100;74.779;74.779;100
3527207;Lorena;SP;São Paulo;414,16;84.855;86.968;2.564;SABESP;95,32;80.886;80.155;94,46
3527256;Lourdes;SP;São Paulo;113,94;1.950;1.894;417;SABESP;87,23;1.701;1.691;86,72
3527306;Louveira;SP;São Paulo;55,13;51.847;49.042;1.965;PML;99,97;51.833;48.619;93,77
3527405;Lucélia;SP;São Paulo;314,81;20.061;19.072;2.950;SABESP;97,05;19.470;19.109;95,25
3527504;Lucianópolis;SP;São Paulo;189,54;2.372;1.909;503;SABESP;73,52;1.744;1.603;67,58
3527603;Luís Antônio;SP;São Paulo;598,26;12.265;15.095;533;SANEL;96,58;11.846;11.846;96,58
3527702;Luiziânia;SP;São Paulo;166,58;4.701;5.425;493;SABESP;91,04;4.280;4.242;90,24
3527801;Lupércio;SP;São Paulo;155,17;3.981;4.091;517;SABESP;89,53;3.564;3.553;89,25
3527900;Lutécia;SP;São Paulo;475,23;2.661;2.086;537;SABESP;80,31;2.137;2.082;78,24
3528007;Macatuba;SP;São Paulo;224,51;16.829;16.750;513;SISAM;95,07;15.999;15.999;95,07
3528106;Macaubal;SP;São Paulo;248,09;7.481;7.225;949;PMM;99,72;7.460;7.460;99,72
3528205;Macedônia;SP;São Paulo;327,57;3.963;2.794;892;SABESP;66,21;2.624;2.593;65,43
3528304;Magda;SP;São Paulo;312,28;3.165;2.560;526;SABESP;82,94;2.625;2.586;81,71
3528403;Mairinque;SP;São Paulo;210,15;50.027;38.302;9.421;SM;80,17;40.107;30.883;61,73
3528502;Mairiporã;SP;São Paulo;320,7;93.853;90.579;13.066;SABESP;51,26;48.111;31.395;33,45
3528601;Manduri;SP;São Paulo;229,05;9.871;8.626;1.346;SAEMAN;94,13;9.292;9.233;93,54
3528700;Marabá Paulista;SP;São Paulo;919,52;4.573;2.688;3.351;SABESP;58,45;2.673;2.642;57,77
3528809;Maracaí;SP;São Paulo;533,5;12.673;12.753;1.316;SABESP;89,38;11.327;11.131;87,83
3528858;Marapoama;SP;São Paulo;111,27;3.292;2.587;510;PMM;100;3.292;3.292;100
3528908;Mariápolis;SP;São Paulo;186,54;3.513;3.283;815;SABESP;86,17;3.027;2.865;81,55
3529005;Marília;SP;São Paulo;1.170,52;237.627;231.381;10.868;DAEM;100;237.627;237.627;100
3529104;Marinópolis;SP;São Paulo;77,83;1.860;1.662;439;SABESP;85,11;1.583;1.553;83,49
3529203;Martinópolis;SP;São Paulo;1.253,56;24.881;22.501;4.290;DAEM;100;24.881;24.881;100
3529302;Matão;SP;São Paulo;524,9;79.033;82.526;1.543;AM;97,62;77.149;77.149;97,62
3529401;Mauá;SP;São Paulo;61,91;418.261;481.725;;SABESP;89,71;375.230;418.261;100
3529500;Mendonça;SP;São Paulo;195,15;6.159;4.609;1.029;PMM;90,94;5.601;5.601;90,94
3529609;Meridiano;SP;São Paulo;228,2;4.572;2.645;1.168;SABESP;75,39;3.447;3.418;74,76
3529658;Mesópolis;SP;São Paulo;148,64;1.952;1.481;422;SABESP;84,94;1.658;1.528;78,28
3529708;Miguelópolis;SP;São Paulo;820,85;19.441;21.176;1.304;SABESP;85,27;16.577;16.514;84,94
3529807;Mineiros do Tietê;SP;São Paulo;213,24;11.230;12.441;582;AMT;95,56;10.731;10.731;95,56
3530003;Mira Estrela;SP;São Paulo;216,83;3.126;2.084;1.041;SABESP;51,5;1.610;1.591;50,9
3529906;Miracatu;SP;São Paulo;1.001,48;18.553;10.030;9.481;SABESP;45,29;8.402;7.965;42,93
3530102;Mirandópolis;SP;São Paulo;917,69;27.983;26.556;3.288;SAAEM;100;27.983;26.203;93,64
3530201;Mirante do Paranapanema;SP;São Paulo;1.238,93;15.917;10.843;7.572;SABESP;64,33;10.239;8.623;54,17
3530300;Mirassol;SP;São Paulo;243,23;63.337;59.233;1.535;SANESSOL;97,81;61.949;61.599;97,26
3530409;Mirassolândia;SP;São Paulo;166,13;4.669;4.038;928;PMM;80,1;3.740;3.740;80,1
3530508;Mococa;SP;São Paulo;855,16;67.681;63.715;5.357;SABESP;88,52;59.913;58.142;85,91
3530607;Mogi das Cruzes;SP;São Paulo;712,54;451.505;419.794;35.793;SEMAE;96,2;434.339;394.226;87,31
3530706;Mogi Guaçu;SP;São Paulo;812,75;153.658;146.340;7.806;SAMAE;95,45;146.664;146.664;95,45
3530805;Mogi Mirim;SP;São Paulo;497,71;92.558;88.050;6.048;SAAE;91,99;85.148;81.120;87,64
3530904;Mombuca;SP;São Paulo;133,7;3.722;2.896;627;SABESP;82,29;3.063;2.911;78,21
3531001;Monções;SP;São Paulo;104,35;1.937;1.958;316;SABESP;88,9;1.722;1.695;87,51
3531100;Mongaguá;SP;São Paulo;143,21;61.951;58.311;256;SABESP;95,08;58.904;52.878;85,35
3531209;Monte Alegre do Sul;SP;São Paulo;110,31;8.627;4.680;3.501;PMMA;90,24;7.785;3.918;45,42
3531308;Monte Alto;SP;São Paulo;346,95;47.574;48.742;2.297;SABESP;100;47.574;47.409;99,65
3531407;Monte Aprazível;SP;São Paulo;495,56;22.280;23.359;2.292;SABESP;90,07;20.067;19.684;88,35
3531506;Monte Azul Paulista;SP;São Paulo;263,46;18.151;17.710;1.218;SAEMAP;99,9;18.133;18.084;99,63
3531605;Monte Castelo;SP;São Paulo;233,55;4.222;3.292;874;;;;;
3531803;Monte Mor;SP;São Paulo;240,57;64.662;57.962;3.745;SABESP;98,18;63.485;54.121;83,7
3531704;Monteiro Lobato;SP;São Paulo;332,74;4.138;2.045;2.694;SABESP;35,55;1.471;1.344;32,48
3531902;Morro Agudo;SP;São Paulo;1.388,13;27.933;32.203;1.395;PMMA;95,97;26.806;25.693;91,98
3532009;Morungaba;SP;São Paulo;146,75;13.720;11.902;2.034;SABESP;81,26;11.149;10.858;79,14
3532058;Motuca;SP;São Paulo;228,7;4.034;3.500;1.331;PMM;99,16;4.000;4.000;99,16
3532108;Murutinga do Sul;SP;São Paulo;250,87;3.737;2.781;1.744;PMMS;64,22;2.400;2.102;56,25
3532157;Nantes;SP;São Paulo;286,65;2.660;2.887;328;PMN;88,68;2.359;2.359;88,68
3532207;Narandiba;SP;São Paulo;357,33;5.713;3.584;1.366;SABESP;87,2;4.982;4.882;85,45
3532306;Natividade da Serra;SP;São Paulo;833,37;6.999;2.765;3.859;PMNS;40,76;2.853;2.870;41,01
3532405;Nazaré Paulista;SP;São Paulo;326,25;18.217;15.989;2.877;SABESP;39,16;7.134;2.909;15,97
3532504;Neves Paulista;SP;São Paulo;219,05;9.699;8.047;870;PMNP;90,43;8.771;8.771;90,43
3532603;Nhandeara;SP;São Paulo;436,16;9.852;9.377;2.198;SABESP;79,91;7.873;7.831;79,49
3532702;Nipoã;SP;São Paulo;137,61;4.750;4.780;601;SABESP;90,82;4.314;4.153;87,43
3532801;Nova Aliança;SP;São Paulo;217,52;6.693;5.933;1.228;PMNA;83,09;5.561;5.561;83,09
3532827;Nova Campina;SP;São Paulo;385,38;8.497;6.741;3.221;SABESP;80,12;6.808;4.569;53,77
3532843;Nova Canaã Paulista;SP;São Paulo;124,47;2.032;759;1.065;SABESP;62,45;1.269;1.209;59,5
3532868;Nova Castilho;SP;São Paulo;183,4;1.062;855;435;PMNC;99,72;1.059;1.059;99,72
3532900;Nova Europa;SP;São Paulo;160,25;9.311;10.683;836;PMNE;95,99;8.938;9.311;100
3533007;Nova Granada;SP;São Paulo;531,8;19.419;20.269;1.602;SABESP;94,31;18.314;18.144;93,43
3533106;Nova Guataporanga;SP;São Paulo;34,16;2.156;2.025;308;SABESP;91,47;1.972;1.913;88,73
3533205;Nova Independência;SP;São Paulo;265,03;4.609;3.297;838;PMNI;100;4.609;4.609;100
3533304;Nova Luzitânia;SP;São Paulo;73,82;2.837;3.783;434;SABESP;87,06;2.470;2.450;86,36
3533403;Nova Odessa;SP;São Paulo;73,79;62.019;60.710;1.006;CODEN;97,87;60.696;59.458;95,87
3533254;Novais;SP;São Paulo;117,77;4.412;5.515;542;PMN;91;4.015;4.015;91
3533502;Novo Horizonte;SP;São Paulo;931,74;38.324;38.860;2.905;SABESP;88,23;33.812;33.721;87,99
3533601;Nuporanga;SP;São Paulo;348,27;7.391;6.825;697;PMN;99,72;7.370;7.370;99,72
3533700;Ocauçu;SP;São Paulo;301,04;4.331;3.429;865;PMO;79,82;3.457;3.457;79,82
3533809;Óleo;SP;São Paulo;198,94;2.512;1.614;833;SABESP;73,33;1.842;1.587;63,18
3533908;Olímpia;SP;São Paulo;802,56;55.074;52.394;3.083;DAEMO;96,09;52.923;52.923;96,09
3534005;Onda Verde;SP;São Paulo;242,95;4.771;3.496;966;SABESP;81,07;3.868;3.833;80,34
3534104;Oriente;SP;São Paulo;218,67;6.085;6.136;433;SABESP;94,45;5.747;5.730;94,17
3534203;Orindiúva;SP;São Paulo;247,38;6.024;6.735;583;SABESP;92,38;5.565;5.551;92,15
3534302;Orlândia;SP;São Paulo;291,77;38.319;43.531;1.151;PMO;96,4;36.938;36.938;96,4
3534401;Osasco;SP;São Paulo;64,95;728.615;701.428;;SABESP;100;728.615;684.240;93,91
3534500;Oscar Bressane;SP;São Paulo;222,13;2.470;2.154;449;SABESP;75,26;1.859;1.847;74,78
3534609;Osvaldo Cruz;SP;São Paulo;248,04;31.272;29.760;3.358;SABESP;97,48;30.484;29.919;95,67
3534708;Ourinhos;SP;São Paulo;295,82;103.970;112.165;2.974;SAE;97,42;101.285;100.368;96,54
3534807;Ouro Verde;SP;São Paulo;266,78;7.779;7.982;694;PMOV;99,83;7.766;7.766;99,83
3534757;Ouroeste;SP;São Paulo;288,65;10.294;9.617;1.095;SABESP;94,87;9.766;9.567;92,94
3534906;Pacaembu;SP;São Paulo;339,38;14.877;10.555;3.771;PMP;85,25;12.682;9.344;62,81
3535002;Palestina;SP;São Paulo;697,7;11.476;11.045;2.240;ESAP;92,84;10.654;10.507;91,56
3535101;Palmares Paulista;SP;São Paulo;82,13;9.650;13.297;394;SABESP;97,61;9.419;9.411;97,52
3535200;Palmeira d'Oeste;SP;São Paulo;318,74;8.903;6.956;2.217;SABESP;80,32;7.151;6.989;78,5
3535309;Palmital;SP;São Paulo;548,41;19.594;20.469;1.853;SAAE;99,82;19.559;19.559;99,82
3535408;Panorama;SP;São Paulo;356,05;14.964;15.487;457;PMP;54,28;8.122;6.589;44,03
3535507;Paraguaçu Paulista;SP;São Paulo;1.001,49;41.120;41.850;4.330;SABESP;93,65;38.508;38.208;92,92
3535606;Paraibuna;SP;São Paulo;809,58;17.667;5.518;12.784;CAEPA;76,96;13.597;8.633;48,87
3535705;Paraíso;SP;São Paulo;155,19;6.099;5.749;787;PMP;87,97;5.365;6.099;100
3535804;Paranapanema;SP;São Paulo;1.018,72;19.395;16.737;3.851;SABESP;65,17;12.639;10.477;54,02
3535903;Paranapuã;SP;São Paulo;140,35;4.031;3.658;454;SABESP;99,88;4.026;3.947;97,92
3536000;Parapuã;SP;São Paulo;366,66;10.580;8.970;1.964;SABESP;84,99;8.992;8.796;83,14
3536109;Pardinho;SP;São Paulo;209,89;7.153;5.173;1.406;SABESP;58,88;4.212;3.483;48,69
3536208;Pariquera-Açu;SP;São Paulo;359,41;19.233;13.588;6.209;SABESP;68,19;13.115;12.036;62,58
3536257;Parisi;SP;São Paulo;84,74;2.892;1.760;417;PMP;100;2.892;2.892;100
3536307;Patrocínio Paulista;SP;São Paulo;602,85;14.512;12.067;2.874;PMPP;95,78;13.900;13.900;95,78
3536406;Paulicéia;SP;São Paulo;374,09;7.955;6.268;1.272;DAEP;94,78;7.540;3.692;46,41
3536505;Paulínia;SP;São Paulo;138,78;110.537;114.402;106;SABESP;100;110.537;110.537;100
3536570;Paulistânia;SP;São Paulo;256,18;2.090;1.250;585;SABESP;60,05;1.255;1.216;58,18
3536604;Paulo de Faria;SP;São Paulo;737,99;7.400;8.096;877;SABESP;98,39;7.281;7.187;97,12
3536703;Pederneiras;SP;São Paulo;728,74;44.827;44.196;3.327;SABESP;89,32;40.038;38.809;86,58
3536802;Pedra Bela;SP;São Paulo;158,59;6.557;1.526;4.601;SABESP;20,02;1.313;1.208;18,42
3536901;Pedranópolis;SP;São Paulo;260,1;2.787;1.535;933;SABESP;59,35;1.654;1.616;57,98
3537008;Pedregulho;SP;São Paulo;712,6;15.525;12.451;4.425;SABESP;72,83;11.307;11.063;71,26
3537107;Pedreira;SP;São Paulo;108,82;43.112;48.581;411;SAAE;98,1;42.295;42.222;97,94
3537156;Pedrinhas Paulista;SP;São Paulo;152,31;2.804;2.623;486;SABESP;89,3;2.504;2.493;88,91
3537206;Pedro de Toledo;SP;São Paulo;670,44;11.281;7.931;3.576;SABESP;52,04;5.871;4.079;36,16
3537305;Penápolis;SP;São Paulo;711,32;61.679;61.219;2.879;DAEP;96,15;59.304;59.304;96,15
3537404;Pereira Barreto;SP;São Paulo;974,25;24.095;23.908;1.777;SAAE;92,21;22.219;22.219;92,21
3537503;Pereiras;SP;São Paulo;223,14;8.737;5.927;2.948;SABESP;66,02;5.768;5.118;58,58
3537602;Peruíbe;SP;São Paulo;326,22;68.352;68.918;779;SABESP;92,68;63.349;50.021;73,18
3537701;Piacatu;SP;São Paulo;232,49;5.519;5.374;719;SABESP;90,9;5.017;4.910;88,97
3537800;Piedade;SP;São Paulo;746,87;52.970;25.395;30.336;SABESP;46,7;24.739;16.339;30,85
3537909;Pilar do Sul;SP;São Paulo;681,25;27.619;23.267;6.345;SABESP;78,95;21.805;14.866;53,83
3538006;Pindamonhangaba;SP;São Paulo;730;165.428;165.703;6.182;SABESP;96,7;159.965;155.988;94,29
3538105;Pindorama;SP;São Paulo;184,83;14.542;16.449;929;PMP;100;14.542;14.542;100
3538204;Pinhalzinho;SP;São Paulo;154,53;15.224;7.666;7.898;SABESP;42,79;6.514;5.512;36,21
3538303;Piquerobi;SP;São Paulo;482,77;3.264;2.797;909;SABESP;72,73;2.374;2.341;71,72
3538501;Piquete;SP;São Paulo;176;12.490;12.639;856;AP;94;11.740;9.804;78,49
3538600;Piracaia;SP;São Paulo;385,57;26.029;27.617;;SABESP;67,08;17.459;14.385;55,27
3538709;Piracicaba;SP;São Paulo;1.378,07;423.323;401.466;8.809;SEMAE;100;423.323;423.323;100
3538808;Piraju;SP;São Paulo;504,59;29.436;26.912;3.018;SABESP;87,76;25.834;25.537;86,75
3538907;Pirajuí;SP;São Paulo;823,76;22.431;21.137;4.802;SAAE;100;22.431;22.431;100
3539004;Pirangi;SP;São Paulo;215,81;10.885;10.336;1.188;PMP;99,95;10.880;10.880;99,95
3539103;Pirapora do Bom Jesus;SP;São Paulo;108,49;18.370;19.453;;SABESP;84,51;15.524;13.121;71,43
3539202;Pirapozinho;SP;São Paulo;477,67;25.348;26.578;1.396;SABESP;100;25.348;23.920;94,37
3539301;Pirassununga;SP;São Paulo;727,12;73.545;70.858;6.472;SAEP;91,5;67.290;67.290;91,5
3539400;Piratininga;SP;São Paulo;402,41;15.108;11.911;1.979;SABESP;75,36;11.385;10.856;71,86
3539509;Pitangueiras;SP;São Paulo;430,64;33.674;38.874;1.556;PMP;96,31;32.433;33.674;100
3539608;Planalto;SP;São Paulo;289,83;4.389;4.531;839;SABESP;92,16;4.045;3.958;90,18
3539707;Platina;SP;São Paulo;327,48;3.025;2.839;767;SABESP;82,05;2.482;2.480;81,98
3539806;Poá;SP;São Paulo;17,26;103.765;117.337;1.884;SABESP;100;103.765;103.765;100
3539905;Poloni;SP;São Paulo;135,12;5.592;5.488;678;SABESP;88,39;4.943;4.914;87,88
3540002;Pompéia;SP;São Paulo;784,67;20.196;20.772;1.554;SAAE;92,92;18.767;18.127;89,76
3540101;Pongaí;SP;São Paulo;183,4;3.395;2.844;541;SABESP;84,65;2.874;2.859;84,21
3540200;Pontal;SP;São Paulo;356,37;37.607;50.751;966;DAE;99,78;37.526;37.526;99,78
3540259;Pontalinda;SP;São Paulo;209,53;4.127;3.916;803;SABESP;81,08;3.346;3.296;79,86
3540309;Pontes Gestal;SP;São Paulo;217,51;2.387;2.172;404;SABESP;93;2.220;2.199;92,12
3540408;Populina;SP;São Paulo;315,94;4.127;3.342;794;SABESP;89,19;3.681;3.586;86,89
3540507;Porangaba;SP;São Paulo;265,69;10.451;4.927;5.278;SABESP;79,08;8.265;3.362;32,17
3540606;Porto Feliz;SP;São Paulo;556,71;56.497;45.135;8.563;SAAE;100;56.497;56.497;100
3540705;Porto Ferreira;SP;São Paulo;244,91;52.649;55.828;1.020;BRK;98,21;51.704;51.704;98,21
3540754;Potim;SP;São Paulo;44,47;20.392;19.415;6.188;AP;99,75;20.342;20.342;99,75
3540804;Potirendaba;SP;São Paulo;342,49;18.496;15.878;1.790;PMP;100;18.496;18.496;100
3540853;Pracinha;SP;São Paulo;63,05;2.578;2.073;2.254;SABESP;66,95;1.726;2.385;92,51
3540903;Pradópolis;SP;São Paulo;167,38;17.078;20.605;1.634;PMP;92,42;15.783;15.783;92,42
3541000;Praia Grande;SP;São Paulo;149,25;349.935;336.454;;SABESP;96,79;338.695;288.827;82,54
3541059;Pratânia;SP;São Paulo;175,1;5.126;4.070;1.301;SABESP;82,21;4.214;4.191;81,76
3541109;Presidente Alves;SP;São Paulo;286,64;3.804;3.384;683;SABESP;87,85;3.342;3.259;85,67
3541208;Presidente Bernardes;SP;São Paulo;749,23;14.490;10.015;2.928;SABESP;74,29;10.765;10.252;70,75
3541307;Presidente Epitácio;SP;São Paulo;1.260,28;39.505;41.581;2.991;SABESP;92,78;36.651;32.148;81,38
3541406;Presidente Prudente;SP;São Paulo;560,64;225.668;227.221;4.732;SABESP;100;225.668;225.374;99,87
3541505;Presidente Venceslau;SP;São Paulo;755,2;35.201;37.935;1.713;PMPV;99,54;35.039;35.039;99,54
3541604;Promissão;SP;São Paulo;779,2;35.131;34.737;6.474;SAAE;93,93;33.000;32.000;91,09
3541653;Quadra;SP;São Paulo;205,67;3.405;998;2.904;SABESP;37,8;1.287;669;19,65
3541703;Quatá;SP;São Paulo;651,34;13.163;13.428;881;SABESP;93,9;12.360;12.270;93,22
3541802;Queiroz;SP;São Paulo;234,91;3.265;2.984;529;SABESP;90,69;2.961;2.950;90,35
3541901;Queluz;SP;São Paulo;249,4;9.159;11.308;2.480;SABESP;88,63;8.118;7.781;84,95
3542008;Quintana;SP;São Paulo;318,94;7.038;6.164;572;SABESP;96,49;6.791;6.618;94,03
3542107;Rafard;SP;São Paulo;121,65;8.965;8.044;1.082;PMR;100;8.965;8.965;100
3542206;Rancharia;SP;São Paulo;1.587,50;28.588;26.670;3.073;PMR;99,81;28.533;28.533;99,81
3542305;Redenção da Serra;SP;São Paulo;309,44;4.494;2.187;1.640;SABESP;25,21;1.133;953;21,21
3542404;Regente Feijó;SP;São Paulo;263,28;20.145;18.919;1.604;SABESP;93,53;18.841;18.627;92,46
3542503;Reginópolis;SP;São Paulo;410,41;7.662;5.985;4.062;PMR;94,43;7.235;4.212;54,97
3542602;Registro;SP;São Paulo;722,2;59.947;50.124;6.339;SABESP;77,8;46.641;45.012;75,09
3542701;Restinga;SP;São Paulo;245,75;6.404;6.103;1.659;SABESP;84,63;5.420;5.262;82,17
3542800;Ribeira;SP;São Paulo;335,76;3.132;1.222;2.098;SABESP;57,34;1.796;936;29,89
3542909;Ribeirão Bonito;SP;São Paulo;471,55;10.989;12.367;1.009;PMRB;100;10.989;10.989;100
3543006;Ribeirão Branco;SP;São Paulo;697,5;18.627;8.131;7.853;SABESP;67,24;12.524;8.725;46,84
3543105;Ribeirão Corrente;SP;São Paulo;148,33;4.608;3.805;981;SABESP;69,42;3.199;3.185;69,12
3543204;Ribeirão do Sul;SP;São Paulo;203,21;4.677;3.362;1.175;SABESP;65,77;3.076;3.063;65,49
3543238;Ribeirão dos Índios;SP;São Paulo;196,45;2.025;1.880;342;SABESP;80,05;1.621;1.592;78,62
3543253;Ribeirão Grande;SP;São Paulo;333,36;7.450;2.427;5.259;SABESP;79,15;5.897;2.558;34,34
3543303;Ribeirão Pires;SP;São Paulo;99,08;115.559;125.238;;SABESP;84,85;98.049;90.451;78,27
3543402;Ribeirão Preto;SP;São Paulo;650,92;698.642;718.072;2.044;SAERP;99,73;696.753;696.653;99,72
3543600;Rifaina;SP;São Paulo;162,51;4.049;3.196;455;SABESP;70,41;2.851;2.763;68,24
3543709;Rincão;SP;São Paulo;316,64;9.098;8.793;2.031;PMR;77,74;7.073;7.073;77,74
3543808;Rinópolis;SP;São Paulo;358,48;9.259;8.640;1.300;PMR;88,99;8.240;8.240;88,99
3543907;Rio Claro;SP;São Paulo;498,42;201.418;204.448;5.100;DAAE;100;201.418;201.418;100
3544004;Rio das Pedras;SP;São Paulo;226,66;31.328;35.080;1.153;;;;;
3544103;Rio Grande da Serra;SP;São Paulo;36,34;44.170;52.009;;SABESP;84,98;37.534;29.362;66,47
3544202;Riolândia;SP;São Paulo;631,9;10.309;10.171;2.685;SABESP;98,26;10.130;9.989;96,9
3543501;Riversul;SP;São Paulo;385,88;5.599;3.910;1.454;SABESP;69,99;3.919;3.491;62,35
3544251;Rosana;SP;São Paulo;744,01;17.440;12.828;3.101;SABESP;76,01;13.257;13.007;74,58
3544301;Roseira;SP;São Paulo;130,65;10.832;10.340;548;SABESP;86,85;9.408;9.192;84,86
3544400;Rubiácea;SP;São Paulo;236,48;2.700;1.830;1.365;SABESP;92,33;2.493;2.433;90,11
3544509;Rubinéia;SP;São Paulo;242,88;3.833;2.626;565;SABESP;97,39;3.733;2.646;69,03
3544608;Sabino;SP;São Paulo;305,29;5.112;4.944;694;PMS;100;5.112;5.112;100
3544707;Sagres;SP;São Paulo;147,94;2.474;1.843;584;SABESP;76,27;1.887;1.781;71,99
3544806;Sales;SP;São Paulo;308,56;6.437;5.834;647;PMS;99,53;6.407;6.407;99,53
3544905;Sales Oliveira;SP;São Paulo;305,78;11.411;10.959;1.144;PMSO;90,61;10.340;11.411;100
3545001;Salesópolis;SP;São Paulo;425;15.202;11.054;6.309;SABESP;49,82;7.574;6.935;45,62
3545100;Salmourão;SP;São Paulo;172,93;4.808;4.818;554;SABESP;92,05;4.426;4.314;89,73
3545159;Saltinho;SP;São Paulo;99,74;8.161;7.092;1.406;SABESP;81,56;6.656;6.552;80,28
3545209;Salto;SP;São Paulo;133,06;134.319;119.930;849;SAAE;100;134.319;127.452;94,89
3545308;Salto de Pirapora;SP;São Paulo;280,51;43.748;36.287;9.998;SABESP;89,71;39.248;26.728;61,1
3545407;Salto Grande;SP;São Paulo;188,44;9.050;8.483;913;PMSG;100;9.050;9.050;100
3545506;Sandovalina;SP;São Paulo;455,86;3.645;3.074;1.331;SABESP;76,98;2.806;2.730;74,9
3545605;Santa Adélia;SP;São Paulo;330,27;14.018;14.796;843;PMSA;92,81;13.010;12.950;92,38
3545704;Santa Albertina;SP;São Paulo;272,69;6.393;5.158;878;SABESP;83,08;5.311;5.211;81,51
3545803;Santa Bárbara d'Oeste;SP;São Paulo;271,03;183.347;193.745;1.533;DAE;99,25;181.971;181.036;98,74
3546009;Santa Branca;SP;São Paulo;272,24;13.975;13.165;1.760;SABESP;50,38;7.040;6.603;47,25
3546108;Santa Clara d'Oeste;SP;São Paulo;183,46;2.598;1.591;520;SABESP;73,75;1.916;1.832;70,52
3546207;Santa Cruz da Conceição;SP;São Paulo;150,13;4.277;3.102;1.482;PMSCC;100;4.277;2.800;65,47
3546256;Santa Cruz da Esperança;SP;São Paulo;148,06;2.116;1.467;699;SABESP;58,7;1.242;1.220;57,66
3546306;Santa Cruz das Palmeiras;SP;São Paulo;295,34;28.864;34.009;1.093;PMSCP;96,87;27.962;27.962;96,87
3546405;Santa Cruz do Rio Pardo;SP;São Paulo;1.114,75;46.442;44.072;4.135;SABESP;93,48;43.414;42.395;91,29
3546504;Santa Ernestina;SP;São Paulo;134,42;6.118;5.153;424;SABESP;98,63;6.034;6.008;98,2
3546603;Santa Fé do Sul;SP;São Paulo;206,54;34.794;31.505;1.291;SAAE;95,98;33.394;33.394;95,98
3546702;Santa Gertrudes;SP;São Paulo;98,29;23.611;27.554;296;BRK;98,94;23.360;23.360;98,94
3546801;Santa Isabel;SP;São Paulo;363,33;53.174;45.928;12.601;SABESP;58,9;31.320;24.021;45,17
3546900;Santa Lúcia;SP;São Paulo;154,03;7.149;8.357;532;PMSL;92,11;6.585;7.004;97,97
3547007;Santa Maria da Serra;SP;São Paulo;252,62;5.243;5.552;746;SABESP;67,98;3.564;5.243;100
3547106;Santa Mercedes;SP;São Paulo;166,75;2.956;2.559;388;SABESP;94,08;2.781;2.258;76,39
3547502;Santa Rita do Passa Quatro;SP;São Paulo;754,14;24.833;24.742;2.899;COMASA;89,51;22.229;22.229;89,51
3547403;Santa Rita d'Oeste;SP;São Paulo;209,8;2.733;1.726;750;PMSRD;70,69;1.932;1.796;65,72
3547601;Santa Rosa de Viterbo;SP;São Paulo;288,58;23.411;25.700;1.260;SABESP;94,33;22.083;21.630;92,39
3547650;Santa Salete;SP;São Paulo;79,19;1.645;882;676;SABESP;69,54;1.144;1.103;67,05
3547205;Santana da Ponte Pensa;SP;São Paulo;129,89;1.670;968;480;SABESP;67,54;1.128;1.108;66,35
3547304;Santana de Parnaíba;SP;São Paulo;179,95;154.105;145.073;;SABESP;98,33;151.538;100.341;65,11
3547700;Santo Anastácio;SP;São Paulo;552,88;17.963;19.434;1.421;SABESP;88,4;15.879;15.733;87,59
3547809;Santo André;SP;São Paulo;175,78;748.919;723.889;;SABESP;100;748.919;748.919;100
3547908;Santo Antônio da Alegria;SP;São Paulo;310,31;6.775;5.202;1.822;PMSAA;100;6.775;6.775;100
3548005;Santo Antônio de Posse;SP;São Paulo;154,13;23.244;21.654;2.088;PMSAP;90,65;21.070;21.019;90,43
3548054;Santo Antônio do Aracanguá;SP;São Paulo;1.308,43;8.379;6.687;1.854;PMSAA;78,45;6.573;6.573;78,45
3548104;Santo Antônio do Jardim;SP;São Paulo;109,96;6.126;3.522;2.404;SABESP;54,47;3.337;3.287;53,66
3548203;Santo Antônio do Pinhal;SP;São Paulo;133,01;7.133;4.067;2.776;SABESP;49,92;3.561;2.018;28,29
3548302;Santo Expedito;SP;São Paulo;94,47;3.000;2.793;366;SABESP;88,23;2.647;2.420;80,67
3548401;Santópolis do Aguapeí;SP;São Paulo;128,03;3.899;4.693;163;SABESP;100;3.899;3.899;100
3548500;Santos;SP;São Paulo;281,03;418.608;433.666;325;SABESP;98,3;411.485;401.416;95,89
3548609;São Bento do Sapucaí;SP;São Paulo;252,58;11.674;5.251;5.656;SABESP;59,25;6.917;5.048;43,24
3548708;São Bernardo do Campo;SP;São Paulo;409,53;810.729;835.657;14.217;SABESP;98,27;796.690;744.502;91,83
3548807;São Caetano do Sul;SP;São Paulo;15,33;165.655;162.763;;SAESA;100;165.655;165.655;100
3548906;São Carlos;SP;São Paulo;1.136,91;254.857;246.626;10.289;SAAE;100;254.857;254.857;100
3549003;São Francisco;SP;São Paulo;75,58;2.602;2.183;630;SABESP;82,86;2.156;2.104;80,86
3549102;São João da Boa Vista;SP;São Paulo;516,4;92.547;88.632;3.683;SABESP;93,08;86.141;85.332;92,2
3549201;São João das Duas Pontes;SP;São Paulo;129,46;2.580;1.953;602;SABESP;78,18;2.017;1.992;77,21
3549250;São João de Iracema;SP;São Paulo;178,4;1.846;1.584;358;PMSJI;75,84;1.400;1.400;75,84
3549300;São João do Pau d'Alho;SP;São Paulo;117,67;2.242;1.699;396;PMSJPD;80,15;1.797;1.797;80,15
3549409;São Joaquim da Barra;SP;São Paulo;410,86;48.558;51.791;946;PMSJB;98,97;48.058;48.058;98,97
3549508;São José da Bela Vista;SP;São Paulo;276,95;7.626;8.006;985;PMSJBV;100;7.626;7.626;100
3549607;São José do Barreiro;SP;São Paulo;570,69;3.853;2.914;1.227;PMSJB;89,46;3.447;3.447;89,46
3549706;São José do Rio Pardo;SP;São Paulo;419,68;52.205;48.968;6.330;SAAESRP;100;52.204;52.204;100
3549805;São José do Rio Preto;SP;São Paulo;431,94;480.393;440.709;28.464;SEMAE;100;480.393;446.787;93
3549904;São José dos Campos;SP;São Paulo;1.099,41;697.054;722.310;15.000;SABESP;96,79;674.649;665.914;95,53
3549953;São Lourenço da Serra;SP;São Paulo;186,46;16.067;14.680;1.447;SABESP;42,92;6.896;4.452;27,71
3550001;São Luís do Paraitinga;SP;São Paulo;617,32;10.337;6.356;4.337;SABESP;47,16;4.875;4.569;44,2
3550100;São Manuel;SP;São Paulo;650,73;37.289;40.287;1.000;SABESP;94,39;35.197;34.466;92,43
3550209;São Miguel Arcanjo;SP;São Paulo;930,34;32.039;22.610;10.461;SABESP;64,75;20.745;16.703;52,13
3550308;São Paulo;SP;São Paulo;1.521,11;11.451.999;12.284.940;111.432;SABESP;99,29;11.371.086;11.144.442;97,31
3550407;São Pedro;SP;São Paulo;611,28;38.256;30.503;5.795;SAAESP;85,76;32.809;31.850;83,25
3550506;São Pedro do Turvo;SP;São Paulo;731,22;7.217;5.526;2.198;SAAE;99,14;7.155;5.119;70,93
3550605;São Roque;SP;São Paulo;306,91;79.484;84.417;8.659;SABESP;72,44;57.578;39.581;49,8
3550704;São Sebastião;SP;São Paulo;402,4;81.595;90.605;1.032;SABESP;71,13;58.041;48.642;59,61
3550803;São Sebastião da Grama;SP;São Paulo;252,41;10.441;7.996;4.141;ASSG;76,58;7.996;7.996;76,58
3550902;São Simão;SP;São Paulo;617,25;13.442;13.919;1.527;PMSS;99,49;13.374;13.374;99,49
3551009;São Vicente;SP;São Paulo;148,1;329.911;370.138;701;SABESP;93,31;307.836;271.135;82,18
3551108;Sarapuí;SP;São Paulo;352,59;10.369;7.725;2.768;SABESP;78,65;8.155;4.945;47,69
3551207;Sarutaiá;SP;São Paulo;141,61;3.704;2.958;665;SABESP;79,32;2.938;2.796;75,49
3551306;Sebastianópolis do Sul;SP;São Paulo;167,85;3.130;2.784;811;SABESP;74,03;2.317;2.320;74,12
3551405;Serra Azul;SP;São Paulo;283,14;12.746;10.892;4.400;SABESP;83,86;10.689;7.280;57,12
3551603;Serra Negra;SP;São Paulo;203,73;29.894;25.740;3.929;SABESP;78,02;23.324;19.571;65,47
3551504;Serrana;SP;São Paulo;126,05;43.909;45.677;489;PMS;100;43.909;43.909;100
3551702;Sertãozinho;SP;São Paulo;403,09;126.887;126.913;1.519;SAEMAS;99,61;126.387;126.387;99,61
3551801;Sete Barras;SP;São Paulo;1.062,70;12.730;7.039;5.692;SABESP;56,89;7.242;5.915;46,47
3551900;Severínia;SP;São Paulo;140,46;14.576;16.984;836;SAAE;100;14.576;14.468;99,26
3552007;Silveiras;SP;São Paulo;414,78;6.186;3.169;3.206;SABESP;46,28;2.863;2.436;39,38
3552106;Socorro;SP;São Paulo;449,03;40.122;28.346;13.344;SABESP;51,68;20.735;19.778;49,29
3552205;Sorocaba;SP;São Paulo;450,38;723.682;688.252;7.076;SAAE;98,51;712.900;713.100;98,54
3552304;Sud Mennucci;SP;São Paulo;594,74;7.355;6.649;1.089;SABESP;85,76;6.308;6.218;84,54
3552403;Sumaré;SP;São Paulo;153,47;279.545;286.462;3.413;BRK;98,82;276.255;276.255;98,82
3552551;Suzanápolis;SP;São Paulo;330,59;3.408;2.712;1.351;PMS;64,94;2.213;2.213;64,94
3552502;Suzano;SP;São Paulo;206,24;307.429;292.717;10.680;SABESP;93,74;288.184;272.950;88,78
3552601;Tabapuã;SP;São Paulo;345,79;11.323;11.628;933;PMT;100;11.323;11.323;100
3552700;Tabatinga;SP;São Paulo;368,6;14.769;14.377;2.410;PMT;98,75;14.585;14.585;98,75
3552809;Taboão da Serra;SP;São Paulo;20,39;273.542;297.528;;SABESP;100;273.542;266.203;97,32
3552908;Taciba;SP;São Paulo;607,27;6.260;5.410;961;SABESP;84,07;5.263;5.126;81,88
3553005;Taguaí;SP;São Paulo;145,33;12.669;10.327;4.088;SABESP;88,7;11.238;11.004;86,86
3553104;Taiaçu;SP;São Paulo;107,06;5.677;5.748;598;PMT;100;5.677;5.677;100
3553203;Taiúva;SP;São Paulo;132,46;6.548;5.072;490;PMT;100;6.548;6.548;100
3553302;Tambaú;SP;São Paulo;561,79;21.435;20.663;2.592;DEMAET;89,02;19.082;19.082;89,02
3553401;Tanabi;SP;São Paulo;747,22;25.265;23.701;2.530;PMT;99,23;25.070;24.339;96,33
3553500;Tapiraí;SP;São Paulo;755,1;7.996;5.523;2.202;SABESP;49,39;3.949;3.722;46,55
3553609;Tapiratiba;SP;São Paulo;221,89;11.816;10.671;2.269;SABESP;83,71;9.891;9.696;82,06
3553658;Taquaral;SP;São Paulo;53,89;2.619;2.698;117;PMT;100;2.619;2.619;100
3553708;Taquaritinga;SP;São Paulo;594,34;52.260;54.541;3.006;SAAET;94;49.126;49.126;94
3553807;Taquarituba;SP;São Paulo;448,52;24.350;20.458;2.834;SABESP;81,55;19.857;20.634;84,74
3553856;Taquarivaí;SP;São Paulo;231,79;6.876;3.257;2.711;SABESP;66,2;4.552;2.459;35,76
3553906;Tarabai;SP;São Paulo;201,39;6.536;7.035;574;SABESP;90,91;5.942;5.830;89,2
3553955;Tarumã;SP;São Paulo;302,91;14.882;14.456;905;SABESP;96,51;14.362;14.340;96,36
3554003;Tatuí;SP;São Paulo;523,75;123.942;118.270;5.864;SABESP;91,06;112.856;104.336;84,18
3554102;Taubaté;SP;São Paulo;625;310.739;313.898;6.922;SABESP;92,78;288.293;282.152;90,8
3554201;Tejupá;SP;São Paulo;296,19;4.127;2.888;1.564;SABESP;56,51;2.332;2.238;54,23
3554300;Teodoro Sampaio;SP;São Paulo;1.555,80;22.173;18.996;4.399;SABESP;84,77;18.795;18.673;84,22
3554409;Terra Roxa;SP;São Paulo;221,54;7.904;9.057;445;SABESP;96,93;7.661;7.699;97,41
3554508;Tietê;SP;São Paulo;404,4;37.663;39.045;3.901;SAMAE;92,05;34.670;31.885;84,66
3554607;Timburi;SP;São Paulo;196,79;2.464;1.925;722;SABESP;61,36;1.512;1.484;60,23
3554656;Torre de Pedra;SP;São Paulo;71,35;2.046;1.585;847;SABESP;100;2.046;1.416;69,21
3554706;Torrinha;SP;São Paulo;315,27;9.335;8.594;1.506;SABESP;83,27;7.773;7.639;81,83
3554755;Trabiju;SP;São Paulo;63,42;1.682;1.609;143;PMT;100;1.682;1.682;100
3554805;Tremembé;SP;São Paulo;191,09;51.173;43.465;4.763;SABESP;96,47;49.365;47.446;92,72
3554904;Três Fronteiras;SP;São Paulo;151,59;6.804;4.961;895;SABESP;95,37;6.489;5.939;87,29
3554953;Tuiuti;SP;São Paulo;126,73;6.778;3.534;3.524;AT;50,46;3.420;2.650;39,1
3555000;Tupã;SP;São Paulo;627,99;63.928;62.983;2.632;SABESP;92,22;58.957;58.522;91,54
3555109;Tupi Paulista;SP;São Paulo;244,77;15.854;12.306;3.364;PMTP;98,84;15.670;15.670;98,84
3555208;Turiúba;SP;São Paulo;153,24;1.818;1.657;367;SABESP;70,74;1.286;1.276;70,19
3555307;Turmalina;SP;São Paulo;147,8;1.669;1.186;481;SABESP;76,87;1.283;1.247;74,72
3555356;Ubarana;SP;São Paulo;209,86;5.365;5.943;545;PMU;100;5.365;5.365;100
3555406;Ubatuba;SP;São Paulo;708,11;92.981;90.588;2.231;SABESP;76,19;70.846;38.810;41,74
3555505;Ubirajara;SP;São Paulo;282,18;5.132;3.521;1.307;SABESP;61,71;3.167;3.090;60,21
3555604;Uchoa;SP;São Paulo;252,43;10.394;9.470;721;PMU;96,85;10.067;10.067;96,85
3555703;União Paulista;SP;São Paulo;79,06;1.603;1.444;442;SABESP;82,41;1.321;1.312;81,85
3555802;Urânia;SP;São Paulo;209,26;8.833;7.679;1.446;SABESP;88,27;7.797;7.723;87,43
3555901;Uru;SP;São Paulo;146,9;1.387;987;155;SABESP;63,81;885;875;63,09
3556008;Urupês;SP;São Paulo;323,92;13.744;12.427;1.538;PMU;89,92;12.359;12.359;89,92
3556107;Valentim Gentil;SP;São Paulo;149,74;14.098;12.534;1.198;SABESP;90,66;12.781;12.765;90,54
3556206;Valinhos;SP;São Paulo;148,54;126.373;126.726;6.443;DAEV;93,49;118.145;112.505;89,03
3556305;Valparaíso;SP;São Paulo;857,66;24.241;25.823;1.331;DAEV;98,08;23.775;23.775;98,08
3556354;Vargem;SP;São Paulo;142,6;10.512;5.446;5.396;SABESP;42,13;4.429;3.297;31,36
3556404;Vargem Grande do Sul;SP;São Paulo;267,18;40.133;41.168;2.200;SAE;98,52;39.539;39.539;98,52
3556453;Vargem Grande Paulista;SP;São Paulo;42,49;50.415;54.315;;SABESP;96,93;48.865;23.163;45,94
3556503;Várzea Paulista;SP;São Paulo;35,12;115.771;124.269;;SABESP;87,31;101.081;98.938;85,46
3556602;Vera Cruz;SP;São Paulo;247,72;10.176;9.393;1.411;PMVC;83,23;8.469;8.469;83,23
3556701;Vinhedo;SP;São Paulo;81,6;76.540;78.954;2.562;SANEBAVI;97,1;74.323;68.921;90,05
3556800;Viradouro;SP;São Paulo;217,73;17.414;18.573;560;SAV;99,99;17.413;17.413;99,99
3556909;Vista Alegre do Alto;SP;São Paulo;95,43;8.109;8.452;711;PMVAA;97,72;7.924;7.924;97,72
3556958;Vitória Brasil;SP;São Paulo;49,83;1.794;1.530;322;SABESP;84,06;1.508;1.504;83,84
3557006;Votorantim;SP;São Paulo;183,52;127.923;119.721;4.747;CAV;96,29;123.176;122.400;95,68
3557105;Votuporanga;SP;São Paulo;420,7;96.634;93.413;2.693;SAEV;100;96.634;96.634;100
3557154;Zacarias;SP;São Paulo;319,06;2.692;2.189;595;SABESP;70,02;1.885;1.768;65,68
